label,mean_val1,mean_val2,
B,0.009746588693957094,5.374931773879144
A,-6.869366602687136,-0.00483685220729367
C,5.954584980237151,0.018557312252964444
D,-0.9709782608695651,-2.148652173913044
